"","ATCGAACTCCTACGGGAGGCAGCATCCTTGTTTGAGTTGAATGTATCTCTAAAAGATTTGATGCCTTTATTTTTTGCACATTGTGGAAAGATAAGGAATGAAGGAACTATATTACTTTTTATTGATGAAATTCAAAATTCAGCAAAGGCAGTAGCGTTATTACGCTATTTCTATGAAGAATTACCTGATATTTATGTAATTGCTGCCGGTTCATTATTAGAAACCCTAGTAGTCCGTTCC","GGAACGGACTACTAGGGTTTCTAATAATGAACCGGCAGCAATTACATAAATATCAGGTAATTCTTCATAGAAATAGCGTAATAACGCTACTGCCTTTGCTGAATTTTGAATTTCATCAATAAAAAGTAATATAGTTCCTTCATTCCTTATCTTTCCACAATGTGCAAAAAATAAAGGCATCAAATCTTTTAGAGATACATTCAACTCAAACAAGGATGCTGCCTCCCGTAGGAGTTCGAT","AGAATGCAGGACTACTAGGGTTTCTAATAATGAACCGGCAGCAATTACATAAATATCAGGTAATTCTTCATAGAAATAGCGTAATAACGCTACTGCCTTTGCTGAATTTTGAATTTCATCAATAAAAAGTAATATAGTTCCTTCATTCCTTATCTTTCCACAATGTGCAAAAAATAAAGGCATCAAATCTTTTAGAGATACATTCAACTCAAACAAGGATGCTGCCTCCCGTAGGAGTTGAGGTGC","GACCTCAACTCCTACGGGAGGCAGCATCCTTGTTTGAGTTGAATGTATCTCTAAAAGATTTGATGCCTTTATTTTTTGCACATTGTGGAAAGATAAGGAATGAAGGAACTATATTACTTTTTATTGATGAAATTCAAAATTCAGCAAAGGCAGTAGCGTTATTACGCTATTTCTATGAAGAATTACCTGATATTTATGTAATTGCTGCCGGTTCATTATTAGAAACCCGAGTAGTCCGCATATT","AATATGCGGACTACTCGGGTTTCTAATAATGAACCGGCAGCAATTACATAAATATCAGGTAATTCTTCATAGAAATAGCGTAATAACGCTACTGCCTTTGCTGAATTTTGAATTTCATCAATAAAAAGTAATATAGTTCCTTCATTCCTTATCTTTCCACAATGTGCAAAAAATAAAGGCATCAAATCTTTTAGAGATACATTCAACTCAAACAAGGATGCTGCCTCCCGTAGGAGTTGAGGTC","TCGAAACTCCTACGGGAGGCAGCATCCTTGTTTGAGTTGAATGTATCTCTAAAAGATTTGATGCCTTTATTTTTTGCACATTGTGGAAAGATAAGGAATGAAGGAACTATATTACTTTTTATTGATGAAATTCAAAATTCAGCAAAGGCAGTAGCGTTATTACGCTATTTCTATGAAGAATTACCTGATATTTATGTAATTGCTGCCGGTTCATTATTAGAAACCCTAGTAGTCCCTGAG","TTCTCACTCCTACGGGAGGCAGCAGAGCAGTAAAAGTAGTTGTATAATTCTATTTCTCATTCTTAATCTTTCAGTTCTTGTCCATAAACTCTCAATTCTCAACTCTTCACTTTCAATTTTCAACTTCTCCTAGTACGCCCTCACCGACGGAGGCAGATTCGCTCCTTTTTTGTTAGAAACCCTAGTAGTCCAGTCGAGATCGGAAGAGCACACGTCTGAACTCCAGTCACGTGTTCTAAT","AATATGCGGACTACTAGGGTTTCTAATAATGAACCGGCAGCAATTACATAAATATCAGGTAATTCTTCATAGAAATAGCGTAATAACGCTACTGCCTTTGCTGAATTTTGAATTTCATCAATAAAAAGTAATATAGTTCCTTCATTCCTTATCTTTCCACAATGTGCAAAAAATAAAGGCATCAAATCTTTTAGAGATACATTCAACTCAAACAAGGATGCTGCCTCCCGTAGGAGTTGAGGTC","CTCAGGGACTACTAGGGTTTCTAATAATGAACCGGCAGCAATTACATAAATATCAGGTAATTCTTCATAGAAATAGCGTAATAACGCTACTGCCTTTGCTGAATTTTGAATTTCATCAATAAAAAGTAATATAGTTCCTTCATTCCTTATCTTTCCACAATGTGCAAAAAATAAAGGCATCAAATCTTTTAGAGATACATTCAACTCAAACAAGGATGCTGCCTCCCGTAGGAGTTTCGA","CGACTGGACTACTAGGGTTTCTAACAAAAAAGGAGCGAATCTGCCTCCGTCGGTGAGGGCGTACTAGGAGAAGTTGAAAATTGAAAGTGAAGAGTTGAGAATTGAGAGTTTATGGACAAGAACTGAAAGATTAAGAATGAGAAATAGAATTATACAACTACTTTTACTGCTCTGCTGCCTCCCGTAGGAGTGAGAAAGATCGGAAGAGCACACGTCTGAACTCCAGTCACGTGTTCTAAT","AGAATGCAGGACTACCAGGGTTTCTAACAAAAAAGGAGCGAATCTGCCTCCGTCGGTGAGGGCGTACTAGGAGAAGTGGAGAGTGGAGAATTTATGGACAAGAACTGAAAGATTAAGAATGAGAAATAGAATTATACAACTACTTTTACTGCTCTGCTGCCTCCCGTAGGAGTTGAGGTGCAGATCGGAAGAGCACACGTCTGAACTCCAGTCACGCCACATAATCTCGTATGCCGTCTT","AATATGCGGACTACTAGGGTTTCTAACAAAAAAGGAGCGAATCTGCCTCCGTCGGTGAGGGCGTACTAGGAGAAGTGGAGAGTGGAGAATTTATGGACAAGAACTGAAAGATTAAGAATGAGAAATAGAATTATACAACTACTTTTACTGCTCTGCTGCCTCCCGTAGGAGTTGAGGTCAGATCGGAAGAGCACACGTCTGAACTCCAGTCACGTGTTCTAATCTCGTATGCCGTCTTCT","TAGCGGAAGAGTTTGATCATGGCTCAGGATGAACGCTGGCGGCATGCTTAACACATGCAAGTCGGACGGGAAGTGGTGTTTCCAGTGGCGGACGGGTGAGTAACGCGTAAGAACCTGCCCTTGGGAGGGGAACAACAACTGGAAACGGTTGCTAATACCCCGTAGGCTGAGGAGCAAAAGGAGGAATCCGCCCGAGGAGGGGCTCGCGTCTGATTAGCTAGTTGGTGAGGCAATAGCTTACCAAGGCGATGATCAGTAGCTGGTCCGAGAGGATGATCAGCCACACTGGGACTGAGACACGGCCCAGACTCCTACGGAAGGCAGCAGACTTATG","GCGGAATACTCCTACGGGAGGCAGCAGAGCAGTAAAAGTAGTTGTATAATTCTATTTCTCATTCTTAATCTTTCAGTTCTTGTCCATAAATTCTCCACTCTCCACTTCTCCTAGTACGCCCTCACCGACGGAGGCAGATTCGCTCCTTTTTTGTTAGAAACCCTAGTAGTCCCGGCAGTAGATCGGAAGAGCACACGTCTGAACTCCAGTCACGTGTTCTAATCTCGTATGCCGTCTTCT","AGGATACTCCTACGGGAGGCAGCAGTGAGGAATATTGGTCAATGGACGAGAGTCTGAACCAGCCAAGTAGCGTGCAGGATGACGGCCCTATGGGTTGTAAACTGCTTTTATAGGGGGATAAAGTGTGCCACGTGTGGCATATTGCAGGTACCCTATGAATAAGGACCGGCTAATTCCGTGCCAGCAGCCGCGGTAATACGGAAGGTCCGGGCGTTATCCGGATTTATTGGGTTTAAAGGGAGCGTAGGCCGTTTGGTAAGCG","ACGCTCAACGTCTGCACTGCAGCGCGAACTGGTTTCCTTGAGTACGCACAAAGTGGGCGGAATTCGTGGTGTAGCGGTGAAATGCTTAGATATCACGAAGAACTCCGATTGCGAAGGCAGCTCACTGGAGCGCAACTGACGCTGAAGCTCGAAAGTGCGGGTATCGAACAGGATTAGAAACCCTAGTAGTCCTCCTCAGATCGGAAGAGCACACGTCTGAACTCCAGTCACGCTCGGTAA","TGGTACGTGGACTACTCGGGTTTCTAACAAAAAAGGAGCGAATCTGCCTCCGTCGGTGAGGGCGTACTAGGAGAAGTGGAGAGTGGAGAATTTATGGACAAGAACTGAAAGATTAAGAATGAGAAATAGAATTATACAACTACTTTTACTGCTCTGCTGCCTCCCGTAGGAGTATAAGGCGAGATCGGAAGAGCACACGTCTGAACTCCAGTCACTAGGATGAATCTCGTATGCCGTCTT","GTCAAGGACTACTAGGGTTTCTAATCCCGTTCGCTACCCTGGCTTTCGCATCTCAGCGTCAGACACAGTCCAGAAAGGCGCCTTCGCCACTGGTGTTCCTCCCAATATCTACGCATTTCACCGCTACACTGGGAATTCCCCTTTCCTCTCCTGCACTCAAGCCTAACAGTTTCCAGCGCCATACGGGGTTGAGCCCCGCATTTTCACGCTCGACTTATTAAGCCGCCTACATGCTCTTTACGCCCAATAATTCCGGACAACGCTCGCCACCTACGTATTACCGCGGCTGCTGGCACGTAGTTAGCCGTGGCTTCCTCGTTTACTACCGTCATTGCAATGCATTGTTCACACACTGCTGCCTCCCGTAGGAGTACGGT","TCTGTGAACTCCTACGGGAGGCAGCAGGGTAAAGTCTTCGAGGTTCTTCACCATCGTACTCATGAAGATGGAAAGACCACCGGACACCACCAGCAGAATGGGCATCAGCAGAAGCATAGAGAAGTAATCCGTTATTTTGCGGTACATGCTGCGCGCCTTTTTCACCTGCCAGATGCGGTTGAAGGTGATTTCCATATTGTTGATTAGAAACCCTAGTAGTCCATCAGCGAGATCGGAAGA","TACGATAGGACTACTAGGGTTTCTAATCCTGTTTGATACCCACACTTTCGAGCATCAGCGTCAGTTACAGTCCAGCAGGCTGCCTTCGCAATCGGAGTTCTTCGTGATATCTAAGCATTTCACCGCTACACCACGAATTCCGCCTGCCTCTACTGTACTCAAGACACCCAGTATCAACTGCAATTTTACGGTTGAGCCGCAAACTTTCACAACTGACTTAAGCGTCCGCCTACGCTCCCTTTAAACCCAATAAATCCGGATAACGCTCGGATCCTCCGTATTACCGCGGCTGCTGGCACGGAGTTAGCCGATCCTTATTCATACGGTACATACAAAAAGGCACGCGTGCCTCACTGCTGCCTCCCGTAGGAGTTACCTGG","ACCGTAAAATTGCAGTTGATACTGGCGACCTTGAGTGCAACAGAGGTAGGCGGAATTCGTGGTGTAGCGGTGAAATGCTTAGATATCACGAAGAACTCCGATTGCGAAGGCAGCTTACTGGATTGTAACTGACGCTGATGCTCGAAAGTGTGGGTATCAAACAGGATTAGAAACCCTAGTAGTCCTTGACAGATCGGAAGAGCACACGTCTGAACTCCAGTCACTAGGATGAATCTCGTA","GCGTATGGACTACTAGGGTTTCTAATCCTGTTTGATACCCACACTTTCGAGCATCAGTGTCAGTGACAGTCTAGTGAGCTGCCTTCGCAATCGGAGTTCTTCGTGATATCTAAGCATTTCACCGCTACACCACGAATTCCGCCCACCTCTACTGTACTCAAGACTCCCAGTTTCAACTGCAATTTTACGGTTGAGCCGCAAACTTTCACAACTGACTTAACAATCCACCTACGCTCCCTTTAAACCCAATAAATCCGGATAACGCTCGGATCCTCCGTATTACCGCGGCTGCTGGCACGGAGTTAGCCGATCCTTATTCATAGGGTACATACAAAATTCCACACTGCTGCCTCCCGTAGGAGTAGGCGT","TAACGAACTCCTACGGGAGGCAGCAGTGAGGAATATTGGTCAATGGACGAGAGTCTGAACCAGCCAAGTAGCGTGAAGGATGAAGGTCCTACGGATTGTAAACTTCTTTTATAAGGGAATAAAACCTCCCACGTGTGGGAGCTTGTATGTACCTTATGAATAAGCATCGGCTAACTCCGTGCCAGCAGCCGCGGTAATACGGAGGATGCGAGCGTTATCCGGATTTATTGGGTTTAAAGGGAGCGCAGACGGGTCGTTAAGTCAGCTGTGAAAGTTTGGGGCTCAACCTTAAAATTGCAGTTGATACTGGC","CATAAGTCTGCGTTCTTCATCGATGCGAGAACCAAGAGATCCGTTGTTGAAAGTTTTGAATAATTCAATTTTTCAATTTTCAGACTCAGGTTAATAATAAAAGGTTTTGATTAAATCCTCTGGCCCCGAAGGACCAAAGCAAAAAATTACAATAGTTCACAGGTGTTAAGGATAAAAATGTCCGAAGACAATTTCGTTAATGATCCTTCCGCAGGTTCACCTACGGAAACCTTGTTACGACTTTTACTTCCTCTAAATGACCAAGTTTGACCAGCTTTTCAGCTCCTGGTAGTGGTTGCCCACTTCCTGGAGCCAATCCGGAGGCCTCACTAAGCCATTCAATCTCCGCTA","AGACTCGGGACTACTAGGGTTTCTAATCCCGTTCGCTACCCTGGCTTTCGCATCTCAGCGTCAGACACAGTCCAGAAAGGCGCCTTCGCCACTGGTGTTCCTCCCAATATCTACGCATTTCACCGCTACACTGGGAATTCCCCTTTCCTCTCCTGCACTCAAGCCTAACAGTTTCCAGCGCCATACGGGGTTGAGCCCCGCATTTTCACGCTCGACTTATTAAGCCGCCTACATGCTCTTTACGCCCAATAATTCCGGACAACGCTCGCCACCTACGTATTACCGCGGCTGCTGGCACGTAGTTAGCCGTGGCTTCCTCGTTTACTACCGTCATTGCAATGCATTGTTCACACACTGCTGCCTCCCGTAGGAGTACCCTCAC","AACGCCTGGACTACTAGGGTTTCTAATCCTGTTCGCTACCCACGCTCTCGTGCATCAGCGTCAGTTACAGTCTGGTAAGCTGCCTTCGCTATCGGAGTTCTAAGTTATATCTATGCATTTCACCGCTACTTAACTTATTCCGCCTACCTCGTCTGTACTCCAGTTTACCAGTATTAATGGCACAATTGAGTTTAGCTCAAATATTTAACCACTAACTTAATAAACCGCCTACGCACCCTTTAAACCCAATAAATCCGGATAACGCTCGCATCCTCCGTATTACCGCGGCTGCTGGCACGGAGTTAGCCGATGCTTATTCATAAGGTACAGGCATCATTCTACACGTAGAACTTATTCCTCACTGCTGCCTCCCGTAGGAGTTGAATTC","GAACTTCGGACTACTAGGGTTTCTAATCCTGTTCGCTACCCACGCTCTCGTGCATCAGCGTCAGTTACAGTCTGGTAAGCTGCCTTCGCTATCGGAGTTCTAAGTTATATCTATGCATTTCACCGCTACTTAACTTATTCCGCCTACCTCGTCTGTACTCCAGTTTACCAGTATTAATGGCACAATTGAGTTTAGCTCAAATATTTAACCACTAACTTAATAAACCGCCTACGCACCCTTTAAACCCAATAAATCCGGATAACGCTCGCATCCTCCGTATTACCGCGGCTGCTGGCACGGAGTTAGCCGATGCTTATTCATAAGGTACAGGCATCATTCTACACGTAGAACTTATTCCTCACTGCTGCCTCCCGTAGGAGTTGAATTC","CCATGGGTGGACTACTAGGGTTTCTAATCCTGTTTGATACCCACACTTTCGAGCATCAGCGTCAGTTACAGTCCAGCAGGCTGCCTTCGCAATCGGAGTTCTTCGTGATATCTAAGCATTTCACCGCTACACCACGAATTCCGCCTGCCTCTACTGTACTCAAGACACCCAGTATCAACTGCAATTTTACGGTTGAGCCGCAAACTTTCACAACTGACTTAAGCGTCCGCCTACGCTCCCTTTAAACCCAATAAATCCGGATAACGCTCGGATCCTCCGTATTACCGCGGCTGCTGGCACGGAGTTAGCCGATCCTTATTCATACGGTACATACAAAAAGGCACACGTGCCTCACTGCTGCCTCCCGTAGGAGTTAAGC","ACGTGGTAGGACTACTGGGGTTTCTAATCCTGTTTGATACCCACACTTTCGAGCCTCAATGTCAGTTGCAGCTTAGCAGGCTGCCTTCGCAATCGGAGTTCTTCGTGATATCTAAGCATTTCACCGCTACACCACGAATTCCGCCTGCCTCAACTGCACTCAAGACATCCAGTATCAACTGCAATTTTACGGTTGAGCCGCAAACTTTCACAACTGACTTAAACATCCATCTACGCTCCCTTTAAACCCAATAAATCCGGATAACGCTCGGATCCTCCGTATTACCGCGGCTGCTGGCACGGAGTTAGCCGATCCTTATTCATATGGTACATACAAAATTCCACACTGCTGCCTCCCGTAGGAGTGCATGCTA","ACGTGGTAGGACTACTAGGGTTTCTAATCCTGTTTGATACCCACACTTTCGAGCATCAGTGTCAGTTGCAGTCCAGTGAGCTGCCTTCGCAATCGGAGTTCTTCGTGATATCTAAGCATTTCACCGCTACACCACGAATTCCGCCCACCTCTACTGTACTCAAGACTGACAGTATCAACTGCAATTTTACGGTTGAGCCGCAAACTTTCACAACTGACTTAAACATCCATCTACGCTCCCTTTAAACCCAATAAATCCGGATAACGCTCGGATCCTCCGTATTACCGCGGCTGCTGGCACGGAGTTAGCCGATCCTTATTCATATGGTACATACAAAATTCCACACTGCTGCCTCCCGTAGGAGTGCATGCTA","CCATGGGTGGACTACTAGGGTTTCTAATCCTGTTTGATACCCACACTTTCGAGCATCAGTGTCAGTGACAGTCTAGTGAGCTGCCTTCGCAATCGGAGTTCTTCGTGATATCTAAGCATTTCACCGCTACACCACGAATTCCGCCCACCTCTACTGTACTCAAGACTGCCAGTTTCAACTGCAATTTTACGGTTGAGCCGCAAACTTTCACAACTGACTTAAACATCCATCTACGCTCCCTTTAAACCCAATAAATCCGGATAACGCTCGGATCCTCCGTATTACCGCGGCTGCTGGCACGGAGTTAGCCGATCCTTATTCATATGGTACATACAAAATTCCACACTGCTGCCTCCCGTAGGAGTGCATGCTA","ACGTGGTAGGACTACTAGGGTTTCTAATCCTGTTTGATACCCACACTTTCGAGCCTCAATGTCAGTTGCAGCTTAGCAGGCTGCCTTCGCAATCGGAGTTCTTCGTGATATCTAAGCATTTCACCGCTACACCACGAATTCCGCCTGCCTCAACTGCACTCAAGACATCCAGTATCAACTGCAATTTTACGGTTGAGCCGCAAACTTTCACAACTGACTTAAACATCCATCTACGCTCCCTTTAAACCCAATAAATCCGGATAACGCTCGGATCCTCCGTATTACCGCGGCTGCTGGCACGGAGTTAGCCGATCCTTATTCATATGGTACATACAAAATTCCACACTGCTGCCTCCCGTAGGAGTGCATGCTA","GTCAAGGACTACAAGGGTATCTAATCCTGTTTGATACCCACACTTTCGAGCCTCAATGTCAGTTGCAGCTTAGCAGGCTGCCTTCGCAATCGGAGTTCTTCGTGATATCTAAGCATTTCACCGCTACACCACGAATTCCGCCTGCCTCAACTGCACTCAAGATATCCAGTATCAACTGCAATTTTACGGTTGAGCCGCAAACTTTCACAACTGACTTAAACATCCATCTACGCTCCCTTTAAACCCAATAAATCCGGATAACGCTCGGATCCTCCGTATTACCGCGGCTGCTGGCACGGAGTTAGCCGATCCTTATTCATATGGTACATACAAAATTCCACACTGCTGCCTCCCGTAGGAGTGCATGCTA","AGGATGCGAGCGTTATCCGGATTTATTGGGTTTAAAGGGAGCGCAGACGGGAGATTAAGTCAGTTGTGAAAGTTTGCGGCTCAACCGTAAAATTGCAGTTGATACTGGTTTCCTTGAGTGCAGTTGAGGCAGGCGGAATTCGTGGTGTAGCGGTGAAATGCTTAGATATCACGAAGAACCCCGATTGCGAAGGCAGCTTGCTAAACTGTAACTGACGTTCATGCTCGAAAGTGTGGGTATCAAACAGGATTAGAAACCCGTGTAGTCCACGTACCA","AGGATGCGAGCGTTATCCGGATTTATTGGGTTTAAAGGGAGCGCAGACGGGAGATTAAGTCAGTTGTGAAAGTTTGCGGCTCAACCGTAAAATTGCAGTTGATACTGGTTTCCTTGAGTGCAGTTGAGGCAGGCGGAATTCGTGGTGTAGCGGTGAAATGCTTAGATATCACGAAGAACCCCGATTGCGAAGGCAGCTTGCTAAACTGTAACTGACGTTCATGCTCGAAAGTGTGGGTATCAAACAGGATTAGAAACCCGGGTAGTCCAAGCG","AGGATGCGAGCGTTATCCGGATTTATTGGGTTTAAAGGGAGCGCAGACGGGAGATTAAGTCAGTTGTGAAAGTTTGCGGCTCAACCGTAAAATTGCAGTTGATACTGGTTTCCTTGAGTGCAGTTGAGGCAGGCGGAATTCGTGGTGTAGCGGTGAAATGCTTAGATATCACGAAGAACCCCGATTGCGAAGGCAGCTTGCTAAACTGTAACTGACGTTCATGCTCGAAAGTGTGGGTATCAAACAGGATTAGAAACCCTAGTAGTCCAAGCG","GCGTATGGACTACTAGGGTTTCTAATCCTGTTTGATACCCACACTTTCGAGCATCAGTGTCAGTTGCAGTCCAGTGAGCTGCCTTCGCAATCGGAGTTCTTCGTGATATCTAAGCATTTCACCGCTACACCACGAATTCCGCCCACCTCTACTGTACTCAAGACAGCCAGTATCAACTGCAATTTTACGGTTGAGCCGCAAACTTTCACAACTGACTTAACTGTCCACCTACGCTCCCTTTAAACCCAATAAATCCGGATAACGCTCGGATCCTCCGTATTACCGCGGCTGCTGGCACGGAGTTAGCCGATCCTTATTCATATGGTACATACAAAATTCCACACTGCTGCCTCCCGTAGGAGTTCCACAGC","ACGTGGTAGGACTACTGGGGTTTCTAATCCTGTTTGATACCCACACTTTCGAGCATCAGTGTCAGTTGCAGTCCAGTGAGCTGCCTTCGCAATCGGAGTTCTTCGTGATATCTAAGCATTTCACCGCTACACCACGAATTCCGCCCACCTCTACTGTACTCAAGACAGCCAGTATCAACTGCAATTTTACGGTTGAGCCGCAAACTTTCACAACTGACTTAACTGTCCACCTACGCTCCCTTTAAACCCAATAAATCCGGATAACGCTCGGATCCTCCGTATTACCGCGGCTGCTGGCACGGAGTTAGCCGATCCTTATTCATATGGTACATACAAAATTCCACACTGCTGCCTCCCGTAGGAGTTCCACAGC","CCAGCTGGACTACTCGGGTTTCTAATCCTGTTTGATACCCACACTTTCGAGCATCAGTGTCAGTTGCAGTCCAGTGAGCTGCCTTCGCAATCGGAGTTCTTCGTGATATCTAAGCATTTCACCGCTACACCACGAATTCCGCCCACCTCTACTGTACTCAAGACAGCCAGTATCAACTGCAATTTTACGGTTGAGCCGCAAACTTTCACAACTGACTTAACTGTCCACCTACGCTCCCTTTAAACCCAATAAATCCGGATAACGCTCGGATCCTCCGTATTACCGCGGCTGCTGGCACGGAGTTAGCCGATCCTTATTCATATGGTACATACAAAATTCCACACTGCTGCCTCCCGTAGGAGTTCCACAGC","CCAGCTGGACTACACGGGTTTCTAATCCTGTTTGATACCCACACTTTCGAGCATCAGTGTCAGTTGCAGTCCAGTGAGCTGCCTTCGCAATCGGAGTTCTTCGTGATATCTAAGCATTTCACCGCTACACCACGAATTCCGCCCACCTCTACTGTACTCAAGACAGCCAGTATCAACTGCAATTTTACGGTTGAGCCGCAAACTTTCACAACTGACTTAACTGTCCACCTACGCTCCCTTTAAACCCAATAAATCCGGATAACGCTCGGATCCTCCGTATTACCGCGGCTGCTGGCACGGAGTTAGCCGATCCTTATTCATATGGTACATACAAAATTCCACACTGCTGCCTCCCGTAGGAGTTCCACAGC","GCTCTAGGACTACTAGGGTTTCTAATCCTGTTTGATACCCACACTTTCGAGCATCAGTGTCAGTTGCAGTCCAGTGAGCTGCCTTCGCAATCGGAGTTCTTCGTGATATCTAAGCATTTCACCGCTACACCACGAATTCCGCCCACCTCTACTGTACTCAAGACAGCCAGTATCAACTGCAATTTTACGGTTGAGCCGCAAACTTTCACAACTGACTTAACTGTCCACCTACGCTCCCTTTAAACCCAATAAATCCGGATAACGCTCGGATCCTCCGTATTACCGCGGCTGCTGGCACGGAGTTAGCCGATCCTTATTCATATGGTACATACAAAATTCCACACTGCTGCCTCCCGTAGGAGTTCCACAGC","TCACCGCTACACCACGAATTCCGCCCACTTTGTGCGTACTCAAGGAAACCAGTTCGCGCTGCAGTGCAGACGTTGAGCGTCTACATTTCACAACACGCTTAATCTCCGGCCTACGCTCCCTTTAAACCCAATAAATCCGGATAACGCCCGGACCTTCCGTATTACCGCGGCTGCTGGCACGGAATTAGCCGGTCCTTATTCATAAGGTACATGCAAAAAGTCTCACGAGACTCACTTTATTCCCTTATAAAAGCAGTTTACAACCCATAGGGCCGTCATCCTGCACGCTACTTGGCTGGTTCAGACTCTCGTCCATTGACCAATATTCCTCACTGCTGCCTCCCGTAGGAGTGCTAG","TCACCGCTACACCACGAATTCCGCCCACTTTGTGCGTACTCAAGGAAACCAGTTCGCGCTGCAGTGCAGACGTTGAGCGTCTACATTTCACAACACGCTTAATCTCCGGCCTACGCTCCCTTTAAACCCAATAAATCCGGATAACGCCCGGACCTTCCGTATTACCGCGGCTGCTGGCACGGAATTAGCCGGTCCTTATTCATAAGGTACATGCAAAAAGTCTCACGAGACTCACTTTATTCCCTTATAAAAGCAGTTTACAACCCATAGGGCCGTCTTCCTGCACGCTACTTGGCTGGTTCAGACTCTCGGCCATTGACCAATATTCCTCACTGCTGCCTCCCGTAGGAGTGCTAG","TCACCGCTACACCACGAATTCCGCCCACTTTGTGCGTACTCAAGGAAACCAGTTCGCGCTGCAGTGCAGACGTTGAGCGTCTACATTTCACAACACGCTTAATCTCCGGCCTACGCTCCCTTTAAACCCAATAAATCCGGATAACGCCCGGACCTTCCGTATTACCGCGGCTGCTGGCACGGAATTAGCCGGTCCTTATTCATAAGGTACATGCAAAAAGTCTCACGAGACTCACTTTATTCCCTTATAAAAGCAGTTTACAACCCATAGGGCCGTCTTCCTGCACGCTACTTGGCTGGTTCAGACTCTCGTCCATTGACCAATATTCCTCACTGCTGCCTCCCGTAGGAGTGCTAG","CGATGTGGACTACTCGGGTTTCTAATCCTGTTTGATACCCACACTTTCGAGCATCAGCGTCAGTTACAGTCCAGCAAGCTGCCTTCGCAATCGGAGTTCTTCGTGATATCTAAGCATTTCACCGCTACACCACGAATTCCGCCTGCCTCTACTGTACTCAAGACACCCAGTATCAACTGCAATTTTACGGTTGAGCCGCAAACTTTCACAACTGACTTAAGCGTCCGCCTACGCTCCCTTTAAACCCAATAAATCCGGATAACGCTCGGATCCTCCGTATTACCGCGGCTGCTGGCACGGAGTTAGCCGATCCTTATTCATACGGTACATACAAAAAGGCACGCGTGCCTCACTGCTGCCTCCCGTAGGAGTTACCTGG","GTCAAGGACTACTAGGGTTTCTAATCCTGTTTGATACCCACACTTTCGAGCATCAGCGTCAGTTACAATCCAGTAAGCTGCCTTCGCAATCGGAGTTCTTCGTGATATCTAAGCATTTCACCGCTACACCACGAATTCCGCCTACCTCTGTTGCACTCAAGGTCGCCAGTATCAACTGCAATTTTACGGTTGAGCCGCAAACTTTCACAACTGACTTAACAACCCGCCTACGCTCCCTTTAAACCCAATAAATCCGGATAACGCTCGAATCCTCCGTATTACCGCGGCTGCTGGCACGGAGTTAGCCGATCCTTATTCATACGGT","GTCAAGGACTACTGGGGTTTCTAATCCTGTTTGATACCCACACTTTCGAGCATCAGCGTCAGTTACAATCCAGTAAGCTGCCTTCGCAATCGGAGTTCTTCGTGATATCTAAGCATTTCACCGCTACACCACGAATTCCGCCTACCTCTGTTGCACTCAAGGTCGCCAGTATCAACTGCAATTTTACGGTTGAGCCGCAAACTTTCACAACTGACTTAACAACCCGCCTACGCTCCCTTTAAACCCAATAAATCCGGATAACGCTCGAATCCTCCGTATTACCGCGGCTGCTGGCACGGAGTTAGCCGATCCTTATTCATACGGT","TACGATAGGACTACTCGGGTTTCTAATCCTGTTTGATACCCACACTTTCGAGCATCAGTGTCAGTTGCAGTCTAGTGAGCTGCCTTCGCAATCGGAGTTCTTCGTGATATCTAAGCATTTCACCGCTACACCACGAATTCCGCCCACCTCTACTGTACTCAAGACTGCCAGTTTCAACTGCAATTTTACGGTTGAGCCGCAAACTTTCACAACTGACTTAACAATCCACCTACGCTCCCTTTAAACCCAATAAATCCGGATAACGCTCGGATCCTCCGTATTACCGCGGCTGCTGGCACGGAGTTAGCCGATCCTTATTCATAGGGTACATACAAAATTCCACACTGCTGCCTCCCGTAGGAGTAGGCGT","ACTCCACGGGACTACTAGGGTTTCTAATCCTGTTTGATACCCACACTTTCGAGCCTCAATGTCAGTTGCAGCTTAGCAGGCTGCCTTCGCAATCGGAGTTCTTCGTGATATCTAAGCATTTCACCGCTACACCACGAATTCCGCCCACCTCTACTGTACTCAAGACTCCCAGTTTCAACTGCAATTTTACGGTTGAGCCGCAAACTTTCACAACTGACTTAACAATCCACCTACGCTCCCTTTAAACCCAATAAATCCGGATAACGCTCGGATCCTCCGTATTACCGCGGCTGCTGGCACGGAGTTAGCCGATCCTTATTCATAGGGTACATACAAAATTCCACACTGCTGCCTCCCGTAGGAGTAGGCGT","CGACTGGACTACTAGGGTTTCTAATCCTGTTTGATACCCACACTTTCGAGCATCAGTGTCAGTTGCAGTCTAGTGAGCTGCCTTCGCAATCGGAGTTCTTCGTGATATCTAAGCATTTCACCGCTACACCACGAATTCCGCCCACCTCTACTGTACTCAAGACTGCCAGTTTCAACTGCAATTTTACGGTTGAGCCGCAAACTTTCACAACTGACTTAACAATCCACCTACGCTCCCTTTAAACCCAATAAATCCGGATAACGCTCGGATCCTCCGTATTACCGCGGCTGCTGGCACGGAGTTAGCCGATCCTTATTCATAGGGTACATACAAAATTCCACACTGCTGCCTCCCGTAGGAGTAGGCGT","AGAATGCAGGACTACTAGGGTTTCTAATCCTGTTTGATACCCACACTTTCGAGCATCAGTGTCAGTTGCAGTCTAGTGAGCTGCCTTCGCAATCGGAGTTCTTCGTGATATCTAAGCATTTCACCGCTACACCACGAATTCCGCCCACCTCTACTGTACTCAAGACTGCCAGTTTCAACTGCAATTTTACGGTTGAGCCGCAAACTTTCACAACTGACTTAACAATCCACCTACGCTCCCTTTAAACCCAATAAATCCGGATAACGCTCGGATCCTCCGTATTACCGCGGCTGCTGGCACGGAGTTAGCCGATCCTTATTCATAGGGTACATACAAAATTCCACACTGCTGCCTCCCGTAGGAGTAGGCGT","CGACTGGACTACTAGGGTTTCTAATCCTGTTTGATACCCACACTTTCGAGCATCAGTGTCAGTAACAGTCTAGTGAGCTGCCTTCGCAATCGGAGTTCTTCGTGATATCTAAGCATTTCACCGCTACACCACGAATTCCGCCCACCTCTACTGTACTCAAGACTGCCAGTTTCAACTGCAATTTTACGGTTGAGCCGCAAACTTTCACAACTGACTTAACAATCCACCTACGCTCCCTTTAAACCCAATAAATCCGGATAACGCTCGGATCCTCCGTATTACCGCGGCTGCTGGCACGGAGTTAGCCGATCCTTATTCATAGGGTACATACAAAATTCCACACTGCTGCCTCCCGTAGGAGTAGGCGT","GTCGATTGGACTACTAGGGTATCTAATCCCGTTCGCTACCCTGGCTTTCGCATCTCAGCGTCAGACACAGTCCAGAAAGGCGCCTTCGCCACTGGTGTTCCTCCCAATATCTACGCATTTCACCGCTACACTGGGAATTCCCCTTTCCTCTCCTGCACTCAAGCCTAACAGTTTCCAGCGCCATACGGGGTTGAGCCCCGCATTTTCACGCTCGACTTATTAAGCCGCCTACATGCTCTTTACGCCCAATAATTCCGGACAACGCTCGCCACCTACGTATTACCGCGGCTGCTGGCACGTAGTTAGCCGTGGCTTCCTCGTTTACTACCGTCATTGCAATGCATTGTTCACACACTGCTGCCTCCCGTAGGAGTACGGT","TAGCATGCACTCCTACGGGAGGCAGCAGTGAGGAATATTGGTCAATGGGCGAGAGCCTGAACCAGCCAAGTAGCGTGAAGGATGACTGCCCTATGGGTTGTAAACTTCTTTTATAAAGGAATAAAGTCGGGTATGGATACCCGTTTGCATGTACTTTATGAATAAGGATCGGCTAACTCCGTGCCAGCAGCCGCGGTAATACGGAGGATCCGAGCGTTATCCGGATTTATTGGGTTTAAAGGGAGCGTAGATG","TTCAGAGGACTACTCGGGTTTCTAATCCTGTTTGATCCCCACGCTTTCGTGCTTCAGTGTCAGTTATAGTTTAGTAAGCTGCCTTCGCAATCGGAGTTCTGCGTGATATCTATGCATTTCACCGCTACACCACGCATTCCGCCTACCTCAAATATACTCAAGTCAACCAGTTTCAACGGCAATTTTATGGTTGAGCCACAAACTTTCACCGCTGACTTAATTAACCACCTACGCACCCTTTAAACCCAATAAATCCGGATAACGCTCGCATCCTCCGTATTACCGCGGCTGCTGGCACGGAGTTAGCCGATGCTTATTCATAAGGTACAGGCATCATTCTACACGTAGAACTTATTCCTCACTGCTGCCTCCCGTAGGAGTTGAATTC","GTCAAGGACTACTAGGGTTTCTAATCCTGTTTGATCCCCACGCTTTCGTGCTTCAGTGTCAGTTATGGTTTAGTAAGCTGCCTTCGCAATCGGAGTTCTGCGTGATATCTATGCATTTCACCGCTACACCACGCATTCCGCCTACCTCAAACACACTCAAGTAACCCAGTTTCAACGGCAATTTTATGGTTGAGCCACAAACTTTCACCGCTGACTTAAATCACCACCTACGCACCCTTTAAACCCAATAAATCCGGATAACGCTCGCATCCTCCGTATTACCGCGGCTGCTGGCACGGAGTTAGCCGATGCTTATTCATAAGGTACAGGCATCATTCTACACGTAGAACTTATTCCTCACTGCTGCCTCCCGTAGGAGTTGAATTC","TGCGAACTCCTACGGGAGGCAGCAGTGAGGAATATTGGTCAATGGGCGAGAGCCTGAACCAGCCAAGTAGCGTGAAGGATGACTGCCTTATGGGTTGTAAACTTCTTTTATAAAGGAATAAAGTCGGGTATGGATACCCGTTTGCATGTACTTTATGAATAAGGATCGGCTAACTCCGTGCCAGCAGCCGCGGTAATACGGAGGATCCGAGCGTTATCCGGATTTATTGGGTTTAAAGGGAGCGTAGATG","AGGATACTCTTACGGGAGGCAGCAGTGAGGAATATTGGTCAATGGACGAGAGTCTGAACCAGCCAAGTAGCGTGCAGGATGACGGCCCTATGGGTTGTAAACTGCTTTTATAGGGGGATAAAGTGTGCCACGTGTGGCATATTGCAGGTACCCTATGAATAAGGACCGGCTAATTCCGTGCCAGCAGCCGCGGTAATACGGAAGGTCCGGGCGTTATCCGGATTTATTGGGTTTAAAGGGAGCGTAGGCCGTTTGGTAAGCG","GAACTTCGGACTACTAGGGTATCTAATCCTGTTTGATACCCACACTTTCGAGCATCAGCGTCAGTTACAGTCCAGCAAGCTGCCTTCGCAATCGGAGTTCTTCGTGATATCTAAGCATTTCACCGCTACACCACGAATTCCGCCTGCCTCTACTGTACTCAAGACACCCAGTATCAACTGCAATTTTACGGTTGAGCCGCAAACTTTCACAACTGACTTAAGCGTCCGCCTACGCTCCCTTTAAACCCAATAAATCCGGATAACGCTCGGATCCTCCGTATTACCGCGGCTGCTGGCACGGAGTTAGCCGATCCTTATTCATACGGTACATACAAAAAGGCACACGTGCCTCACTGCTGCCTCCCGTAGGAGTTAAGC","ATTGAGGACTACTGGGGTTTCTAATCCTGTTTGATACCCACACTTTCGAGCATCAGCGTCAGTTACAGTCCAGCAGGCTGCCTTCGCAATCGGAGTTCTTCGTGATATCTAAGCATTTCACCGCTACACCACGAATTCCGCCTGCCTCTACTGTACTCAAGACACCCAGTATCAACTGCAATTTTACGGTTGAGCCGCAAACTTTCACAACTGACTTAAGCGTCCGCCTACGCTCCCTTTAAACCCAATAAATCCGGATAACGCTCGGATCCTCCGTATTACCGCGGCTGCTGGCACGGAGTTAGCCGATCCTTATTCATACGGTACATACAAAAAGGCACACGTGCCTCACTGCTGCCTCCCGTAGGAGTTAAGC","CATAAGTGGACTACCAGGGTTTCTAATCCTGTTTGATACCCACACTTTCGAGCATCAGCGTCAGTTACAGTCCAGCAAGCTGCCTTCGCAATCGGAGTTCTTCGTGATATCTAAGCATTTCACCGCTACACCACGAATTCCGCCTGCCTCTACTGTACTCAAGACACCCAGTATCAACTGCAATTTTACGGTTGAGCCGCAAACTTTCACAACTGACTTAAGCGTCCGCCTACGCTCCCTTTAAACCCAATAAATCCGGATAACGCTCGGATCCTCCGTATTACCGCGGCTGCTGGCACGGAGTTAGCCGATCCTTATTCATACGGTACATACAAAAAGGCACACGTGCCTCACTGCTGCCTCCCGTAGGAGTTAAGC","CCAGCTGGACTACTCGGGTTTCTAATCCTGTTCGATACCCGCACTTTCGAGCTTCAGCGTCAGTTGCGCTCCAGTGAGCTGCCTTCGCAATCGGAGTTCTTCGTGATATCTAAGCATTTCACCGCTACACCACGAATTCCGCCCACTTTGTGCGTACTCAAGGAAACCAGTTCGCGCTGCAGTGCAGACGTTGAGCGTCTACATTTCACAACACGCTTAATCTCCGGCCTACGCTCCCTTTAAACCCAATAAATCCGGATAACGCCCGGACCTTCATCCTTCACGCTACTTGGCTGGTTCAGACTCTCGTCCATTGACCAATATTCCTCACTGCTGCCTCCCGTAGGAGTATCCT","ATTGAGGACTACTAGGGTTTCTAATCCTGTTTGATACCCACACTTTCGAGCATCAGCGTCAGTTACAGTCCAGCAAGCTGCCTTCGCAATCGGAGTTCTTCGTGATATCTAAGCATTTCACCGCTACACCACGAATTCCGCCTGCCTCTACTGTACTCAAGACACCCAGTATCAACTGCAATTTTACGGTTGAGCCGCAAACTTTCACAACTGACTTAAGCGTCCGCCTACGCTCCCTTTAAACCCAATAAATCCGGATAACGCTCGGATCCTCCGTATTACCGCGGCTGCTGGCACGGAGTTAGCCGATCCTTATTCATACGGTACATACAAAAAGGCACACGTGCCTCACTGCTGCCTCCCGTAGGAGTTAAGC","CCAGCTGGACTACTCGGGTATCTAATCCTGTTCGATACCCGCACTTTCGAGCTTCAGCGTCAGTTGCGCTCCAGTGAGCTGCCTTCGCAATCGGAGTTCTTCGTGATATCTAAGCATTTCACCGCTACACCACGAATTCCGCCCACTTTGTGCGTACTCAAGGAAACCAGTTCGCGCTGCAGTGCAGACGTTGAGCGTCTACATTTCACAACACGCTTAATCTCCGGCCTACGCTCCCTTTAAACCCAATAAATCCGGATAACGCCCGGACCTTCATCCTTCACGCTACTTGGCTGGTTCAGACTCTCGTCCATTGACCAATATTCCTCACTGCTGCCTCCCGTAGGAGTATCCT"
"ERR776555",0,0,0,0,0,0,0,0,0,0,0,0,4,0,0,0,0,0,0,0,0,0,0,0,0,0,0,0,1,1,1,1,1,0,0,0,0,0,0,0,0,0,0,0,0,0,0,0,0,0,0,0,0,0,0,0,0,0,0,0,0,0,0,0
"ERR776556",0,0,0,0,0,0,0,0,0,0,0,0,0,0,0,0,0,0,0,0,0,0,0,0,0,0,0,0,0,0,0,0,0,0,0,0,0,0,0,0,0,0,0,0,0,0,0,0,0,0,0,0,0,0,0,0,0,0,0,0,0,0,0,0
"ERR776557",0,0,0,4,0,0,0,9,0,0,0,0,0,0,0,0,0,0,0,0,0,0,0,0,0,0,0,0,0,0,0,0,0,1,1,1,0,0,0,0,0,0,0,0,0,0,0,0,0,0,0,0,0,0,0,0,0,0,0,0,0,0,0,0
"ERR776558",0,0,0,0,0,0,0,0,0,0,0,0,0,0,0,0,0,0,0,0,0,0,0,0,0,0,0,0,0,0,0,0,0,0,0,0,0,0,0,0,0,0,0,0,0,0,0,0,0,0,0,0,0,0,0,0,0,0,0,0,0,0,0,0
"ERR776559",0,0,0,0,0,0,0,0,0,0,0,0,0,0,0,0,0,0,0,0,0,0,0,0,0,0,0,0,0,0,0,0,0,0,0,0,0,0,0,0,0,0,0,0,0,0,0,0,0,0,0,0,0,0,0,0,0,0,0,0,0,0,0,0
"ERR776560",0,0,0,18,21,0,0,0,0,0,0,0,0,0,0,0,0,0,0,0,0,0,0,0,0,0,0,0,0,0,0,0,0,0,0,0,1,1,1,1,1,0,0,0,0,0,0,0,0,0,0,0,0,0,0,0,0,0,0,0,0,0,0,0
"ERR776561",0,0,0,0,0,10,0,0,8,0,0,0,0,0,0,0,0,0,2,0,0,0,0,0,0,0,0,0,0,0,0,0,0,0,0,0,0,0,0,0,0,0,0,0,0,0,0,0,0,0,0,0,0,0,0,0,0,0,0,0,0,0,0,0
"ERR776562",24,14,0,0,0,0,0,0,0,0,0,0,0,0,0,3,0,0,0,2,0,0,0,0,0,0,0,0,0,0,0,0,0,0,0,0,0,0,0,0,0,1,1,1,1,0,0,0,0,0,0,0,0,0,0,0,0,0,0,0,0,0,0,0
"ERR776563",0,0,0,0,0,0,0,0,0,0,0,0,0,0,0,0,3,0,0,0,2,0,0,0,0,0,0,0,0,0,0,0,0,0,0,0,0,0,0,0,0,0,0,0,0,1,1,0,0,0,0,0,0,0,0,0,0,0,0,0,0,0,0,0
"ERR776564",0,0,28,0,0,0,0,0,0,0,6,0,0,0,0,0,0,0,0,0,0,2,2,2,2,0,0,0,0,0,0,0,0,0,0,0,0,0,0,0,0,0,0,0,0,0,0,1,1,1,1,1,0,0,0,0,0,0,0,0,0,0,0,0
"ERR776565",0,0,0,0,0,0,0,0,0,0,0,0,0,0,0,0,0,3,0,0,0,0,0,0,0,2,2,0,0,0,0,0,0,0,0,0,0,0,0,0,0,0,0,0,0,0,0,0,0,0,0,0,1,1,1,1,1,0,0,0,0,0,0,0
"ERR776566",62,63,0,0,0,0,10,0,0,7,0,5,0,4,0,0,0,0,0,0,0,0,0,0,0,0,0,0,0,0,0,0,0,0,0,0,0,0,0,0,0,0,0,0,0,0,0,0,0,0,0,0,0,0,0,0,0,0,0,0,0,0,0,0
"ERR776567",0,0,0,0,0,0,0,0,0,0,0,0,0,0,4,0,0,0,0,0,0,0,0,0,0,0,0,0,0,0,0,0,0,0,0,0,0,0,0,0,0,0,0,0,0,0,0,0,0,0,0,0,0,0,0,0,0,1,0,0,0,0,0,0
"ERR776568",0,0,0,0,0,0,0,0,0,0,0,0,0,0,0,0,0,0,0,0,0,0,0,0,0,0,0,0,0,0,0,0,0,0,0,0,0,0,0,0,0,0,0,0,0,0,0,0,0,0,0,0,0,0,0,0,0,0,0,0,0,0,0,0
"ERR776569",0,0,0,0,0,0,0,0,0,0,0,0,0,0,0,0,0,0,0,0,0,0,0,0,0,0,0,2,0,0,0,0,0,0,0,0,0,0,0,0,0,0,0,0,0,0,0,0,0,0,0,0,0,0,0,0,0,0,1,1,1,1,1,1
