"","Kingdom","Phylum","Class","Order","Family","Genus","Species"
"ATCGAACTCCTACGGGAGGCAGCATCCTTGTTTGAGTTGAATGTATCTCTAAAAGATTTGATGCCTTTATTTTTTGCACATTGTGGAAAGATAAGGAATGAAGGAACTATATTACTTTTTATTGATGAAATTCAAAATTCAGCAAAGGCAGTAGCGTTATTACGCTATTTCTATGAAGAATTACCTGATATTTATGTAATTGCTGCCGGTTCATTATTAGAAACCCTAGTAGTCCGTTCC","Bacteria","Proteobacteria","Alphaproteobacteria","Rickettsiales","Mitochondria",NA,NA
"GGAACGGACTACTAGGGTTTCTAATAATGAACCGGCAGCAATTACATAAATATCAGGTAATTCTTCATAGAAATAGCGTAATAACGCTACTGCCTTTGCTGAATTTTGAATTTCATCAATAAAAAGTAATATAGTTCCTTCATTCCTTATCTTTCCACAATGTGCAAAAAATAAAGGCATCAAATCTTTTAGAGATACATTCAACTCAAACAAGGATGCTGCCTCCCGTAGGAGTTCGAT","Bacteria","Proteobacteria","Alphaproteobacteria","Rickettsiales","Mitochondria",NA,NA
"AGAATGCAGGACTACTAGGGTTTCTAATAATGAACCGGCAGCAATTACATAAATATCAGGTAATTCTTCATAGAAATAGCGTAATAACGCTACTGCCTTTGCTGAATTTTGAATTTCATCAATAAAAAGTAATATAGTTCCTTCATTCCTTATCTTTCCACAATGTGCAAAAAATAAAGGCATCAAATCTTTTAGAGATACATTCAACTCAAACAAGGATGCTGCCTCCCGTAGGAGTTGAGGTGC","Bacteria","Proteobacteria","Alphaproteobacteria","Rickettsiales","Mitochondria",NA,NA
"GACCTCAACTCCTACGGGAGGCAGCATCCTTGTTTGAGTTGAATGTATCTCTAAAAGATTTGATGCCTTTATTTTTTGCACATTGTGGAAAGATAAGGAATGAAGGAACTATATTACTTTTTATTGATGAAATTCAAAATTCAGCAAAGGCAGTAGCGTTATTACGCTATTTCTATGAAGAATTACCTGATATTTATGTAATTGCTGCCGGTTCATTATTAGAAACCCGAGTAGTCCGCATATT","Bacteria","Proteobacteria","Alphaproteobacteria","Rickettsiales","Mitochondria",NA,NA
"AATATGCGGACTACTCGGGTTTCTAATAATGAACCGGCAGCAATTACATAAATATCAGGTAATTCTTCATAGAAATAGCGTAATAACGCTACTGCCTTTGCTGAATTTTGAATTTCATCAATAAAAAGTAATATAGTTCCTTCATTCCTTATCTTTCCACAATGTGCAAAAAATAAAGGCATCAAATCTTTTAGAGATACATTCAACTCAAACAAGGATGCTGCCTCCCGTAGGAGTTGAGGTC","Bacteria","Proteobacteria","Alphaproteobacteria","Rickettsiales","Mitochondria",NA,NA
"TCGAAACTCCTACGGGAGGCAGCATCCTTGTTTGAGTTGAATGTATCTCTAAAAGATTTGATGCCTTTATTTTTTGCACATTGTGGAAAGATAAGGAATGAAGGAACTATATTACTTTTTATTGATGAAATTCAAAATTCAGCAAAGGCAGTAGCGTTATTACGCTATTTCTATGAAGAATTACCTGATATTTATGTAATTGCTGCCGGTTCATTATTAGAAACCCTAGTAGTCCCTGAG","Bacteria","Proteobacteria","Alphaproteobacteria","Rickettsiales","Mitochondria",NA,NA
"TTCTCACTCCTACGGGAGGCAGCAGAGCAGTAAAAGTAGTTGTATAATTCTATTTCTCATTCTTAATCTTTCAGTTCTTGTCCATAAACTCTCAATTCTCAACTCTTCACTTTCAATTTTCAACTTCTCCTAGTACGCCCTCACCGACGGAGGCAGATTCGCTCCTTTTTTGTTAGAAACCCTAGTAGTCCAGTCGAGATCGGAAGAGCACACGTCTGAACTCCAGTCACGTGTTCTAAT","Bacteria",NA,NA,NA,NA,NA,NA
"AATATGCGGACTACTAGGGTTTCTAATAATGAACCGGCAGCAATTACATAAATATCAGGTAATTCTTCATAGAAATAGCGTAATAACGCTACTGCCTTTGCTGAATTTTGAATTTCATCAATAAAAAGTAATATAGTTCCTTCATTCCTTATCTTTCCACAATGTGCAAAAAATAAAGGCATCAAATCTTTTAGAGATACATTCAACTCAAACAAGGATGCTGCCTCCCGTAGGAGTTGAGGTC","Bacteria","Proteobacteria","Alphaproteobacteria","Rickettsiales","Mitochondria",NA,NA
"CTCAGGGACTACTAGGGTTTCTAATAATGAACCGGCAGCAATTACATAAATATCAGGTAATTCTTCATAGAAATAGCGTAATAACGCTACTGCCTTTGCTGAATTTTGAATTTCATCAATAAAAAGTAATATAGTTCCTTCATTCCTTATCTTTCCACAATGTGCAAAAAATAAAGGCATCAAATCTTTTAGAGATACATTCAACTCAAACAAGGATGCTGCCTCCCGTAGGAGTTTCGA","Bacteria","Proteobacteria","Alphaproteobacteria","Rickettsiales","Mitochondria",NA,NA
"CGACTGGACTACTAGGGTTTCTAACAAAAAAGGAGCGAATCTGCCTCCGTCGGTGAGGGCGTACTAGGAGAAGTTGAAAATTGAAAGTGAAGAGTTGAGAATTGAGAGTTTATGGACAAGAACTGAAAGATTAAGAATGAGAAATAGAATTATACAACTACTTTTACTGCTCTGCTGCCTCCCGTAGGAGTGAGAAAGATCGGAAGAGCACACGTCTGAACTCCAGTCACGTGTTCTAAT","Bacteria","Proteobacteria","Alphaproteobacteria",NA,NA,NA,NA
"AGAATGCAGGACTACCAGGGTTTCTAACAAAAAAGGAGCGAATCTGCCTCCGTCGGTGAGGGCGTACTAGGAGAAGTGGAGAGTGGAGAATTTATGGACAAGAACTGAAAGATTAAGAATGAGAAATAGAATTATACAACTACTTTTACTGCTCTGCTGCCTCCCGTAGGAGTTGAGGTGCAGATCGGAAGAGCACACGTCTGAACTCCAGTCACGCCACATAATCTCGTATGCCGTCTT","Bacteria",NA,NA,NA,NA,NA,NA
"AATATGCGGACTACTAGGGTTTCTAACAAAAAAGGAGCGAATCTGCCTCCGTCGGTGAGGGCGTACTAGGAGAAGTGGAGAGTGGAGAATTTATGGACAAGAACTGAAAGATTAAGAATGAGAAATAGAATTATACAACTACTTTTACTGCTCTGCTGCCTCCCGTAGGAGTTGAGGTCAGATCGGAAGAGCACACGTCTGAACTCCAGTCACGTGTTCTAATCTCGTATGCCGTCTTCT","Bacteria",NA,NA,NA,NA,NA,NA
"TAGCGGAAGAGTTTGATCATGGCTCAGGATGAACGCTGGCGGCATGCTTAACACATGCAAGTCGGACGGGAAGTGGTGTTTCCAGTGGCGGACGGGTGAGTAACGCGTAAGAACCTGCCCTTGGGAGGGGAACAACAACTGGAAACGGTTGCTAATACCCCGTAGGCTGAGGAGCAAAAGGAGGAATCCGCCCGAGGAGGGGCTCGCGTCTGATTAGCTAGTTGGTGAGGCAATAGCTTACCAAGGCGATGATCAGTAGCTGGTCCGAGAGGATGATCAGCCACACTGGGACTGAGACACGGCCCAGACTCCTACGGAAGGCAGCAGACTTATG","Bacteria",NA,NA,NA,NA,NA,NA
"GCGGAATACTCCTACGGGAGGCAGCAGAGCAGTAAAAGTAGTTGTATAATTCTATTTCTCATTCTTAATCTTTCAGTTCTTGTCCATAAATTCTCCACTCTCCACTTCTCCTAGTACGCCCTCACCGACGGAGGCAGATTCGCTCCTTTTTTGTTAGAAACCCTAGTAGTCCCGGCAGTAGATCGGAAGAGCACACGTCTGAACTCCAGTCACGTGTTCTAATCTCGTATGCCGTCTTCT","Bacteria",NA,NA,NA,NA,NA,NA
"AGGATACTCCTACGGGAGGCAGCAGTGAGGAATATTGGTCAATGGACGAGAGTCTGAACCAGCCAAGTAGCGTGCAGGATGACGGCCCTATGGGTTGTAAACTGCTTTTATAGGGGGATAAAGTGTGCCACGTGTGGCATATTGCAGGTACCCTATGAATAAGGACCGGCTAATTCCGTGCCAGCAGCCGCGGTAATACGGAAGGTCCGGGCGTTATCCGGATTTATTGGGTTTAAAGGGAGCGTAGGCCGTTTGGTAAGCG","Bacteria","Bacteroidota","Bacteroidia","Bacteroidales","Prevotellaceae","Prevotella","stercorea"
"ACGCTCAACGTCTGCACTGCAGCGCGAACTGGTTTCCTTGAGTACGCACAAAGTGGGCGGAATTCGTGGTGTAGCGGTGAAATGCTTAGATATCACGAAGAACTCCGATTGCGAAGGCAGCTCACTGGAGCGCAACTGACGCTGAAGCTCGAAAGTGCGGGTATCGAACAGGATTAGAAACCCTAGTAGTCCTCCTCAGATCGGAAGAGCACACGTCTGAACTCCAGTCACGCTCGGTAA","Bacteria","Bacteroidota","Bacteroidia","Bacteroidales","Prevotellaceae","Prevotella_9","copri"
"TGGTACGTGGACTACTCGGGTTTCTAACAAAAAAGGAGCGAATCTGCCTCCGTCGGTGAGGGCGTACTAGGAGAAGTGGAGAGTGGAGAATTTATGGACAAGAACTGAAAGATTAAGAATGAGAAATAGAATTATACAACTACTTTTACTGCTCTGCTGCCTCCCGTAGGAGTATAAGGCGAGATCGGAAGAGCACACGTCTGAACTCCAGTCACTAGGATGAATCTCGTATGCCGTCTT","Bacteria",NA,NA,NA,NA,NA,NA
"GTCAAGGACTACTAGGGTTTCTAATCCCGTTCGCTACCCTGGCTTTCGCATCTCAGCGTCAGACACAGTCCAGAAAGGCGCCTTCGCCACTGGTGTTCCTCCCAATATCTACGCATTTCACCGCTACACTGGGAATTCCCCTTTCCTCTCCTGCACTCAAGCCTAACAGTTTCCAGCGCCATACGGGGTTGAGCCCCGCATTTTCACGCTCGACTTATTAAGCCGCCTACATGCTCTTTACGCCCAATAATTCCGGACAACGCTCGCCACCTACGTATTACCGCGGCTGCTGGCACGTAGTTAGCCGTGGCTTCCTCGTTTACTACCGTCATTGCAATGCATTGTTCACACACTGCTGCCTCCCGTAGGAGTACGGT","Bacteria","Firmicutes","Bacilli",NA,NA,NA,NA
"TCTGTGAACTCCTACGGGAGGCAGCAGGGTAAAGTCTTCGAGGTTCTTCACCATCGTACTCATGAAGATGGAAAGACCACCGGACACCACCAGCAGAATGGGCATCAGCAGAAGCATAGAGAAGTAATCCGTTATTTTGCGGTACATGCTGCGCGCCTTTTTCACCTGCCAGATGCGGTTGAAGGTGATTTCCATATTGTTGATTAGAAACCCTAGTAGTCCATCAGCGAGATCGGAAGA","Bacteria",NA,NA,NA,NA,NA,NA
"TACGATAGGACTACTAGGGTTTCTAATCCTGTTTGATACCCACACTTTCGAGCATCAGCGTCAGTTACAGTCCAGCAGGCTGCCTTCGCAATCGGAGTTCTTCGTGATATCTAAGCATTTCACCGCTACACCACGAATTCCGCCTGCCTCTACTGTACTCAAGACACCCAGTATCAACTGCAATTTTACGGTTGAGCCGCAAACTTTCACAACTGACTTAAGCGTCCGCCTACGCTCCCTTTAAACCCAATAAATCCGGATAACGCTCGGATCCTCCGTATTACCGCGGCTGCTGGCACGGAGTTAGCCGATCCTTATTCATACGGTACATACAAAAAGGCACGCGTGCCTCACTGCTGCCTCCCGTAGGAGTTACCTGG","Bacteria",NA,NA,NA,NA,NA,NA
"ACCGTAAAATTGCAGTTGATACTGGCGACCTTGAGTGCAACAGAGGTAGGCGGAATTCGTGGTGTAGCGGTGAAATGCTTAGATATCACGAAGAACTCCGATTGCGAAGGCAGCTTACTGGATTGTAACTGACGCTGATGCTCGAAAGTGTGGGTATCAAACAGGATTAGAAACCCTAGTAGTCCTTGACAGATCGGAAGAGCACACGTCTGAACTCCAGTCACTAGGATGAATCTCGTA","Bacteria","Bacteroidota","Bacteroidia","Bacteroidales","Bacteroidaceae","Bacteroides","stercoris"
"GCGTATGGACTACTAGGGTTTCTAATCCTGTTTGATACCCACACTTTCGAGCATCAGTGTCAGTGACAGTCTAGTGAGCTGCCTTCGCAATCGGAGTTCTTCGTGATATCTAAGCATTTCACCGCTACACCACGAATTCCGCCCACCTCTACTGTACTCAAGACTCCCAGTTTCAACTGCAATTTTACGGTTGAGCCGCAAACTTTCACAACTGACTTAACAATCCACCTACGCTCCCTTTAAACCCAATAAATCCGGATAACGCTCGGATCCTCCGTATTACCGCGGCTGCTGGCACGGAGTTAGCCGATCCTTATTCATAGGGTACATACAAAATTCCACACTGCTGCCTCCCGTAGGAGTAGGCGT","Bacteria",NA,NA,NA,NA,NA,NA
"TAACGAACTCCTACGGGAGGCAGCAGTGAGGAATATTGGTCAATGGACGAGAGTCTGAACCAGCCAAGTAGCGTGAAGGATGAAGGTCCTACGGATTGTAAACTTCTTTTATAAGGGAATAAAACCTCCCACGTGTGGGAGCTTGTATGTACCTTATGAATAAGCATCGGCTAACTCCGTGCCAGCAGCCGCGGTAATACGGAGGATGCGAGCGTTATCCGGATTTATTGGGTTTAAAGGGAGCGCAGACGGGTCGTTAAGTCAGCTGTGAAAGTTTGGGGCTCAACCTTAAAATTGCAGTTGATACTGGC","Bacteria","Bacteroidota","Bacteroidia","Bacteroidales","Bacteroidaceae","Bacteroides","plebeius"
"CATAAGTCTGCGTTCTTCATCGATGCGAGAACCAAGAGATCCGTTGTTGAAAGTTTTGAATAATTCAATTTTTCAATTTTCAGACTCAGGTTAATAATAAAAGGTTTTGATTAAATCCTCTGGCCCCGAAGGACCAAAGCAAAAAATTACAATAGTTCACAGGTGTTAAGGATAAAAATGTCCGAAGACAATTTCGTTAATGATCCTTCCGCAGGTTCACCTACGGAAACCTTGTTACGACTTTTACTTCCTCTAAATGACCAAGTTTGACCAGCTTTTCAGCTCCTGGTAGTGGTTGCCCACTTCCTGGAGCCAATCCGGAGGCCTCACTAAGCCATTCAATCTCCGCTA","Bacteria","Proteobacteria","Alphaproteobacteria","Rickettsiales","Mitochondria",NA,NA
"AGACTCGGGACTACTAGGGTTTCTAATCCCGTTCGCTACCCTGGCTTTCGCATCTCAGCGTCAGACACAGTCCAGAAAGGCGCCTTCGCCACTGGTGTTCCTCCCAATATCTACGCATTTCACCGCTACACTGGGAATTCCCCTTTCCTCTCCTGCACTCAAGCCTAACAGTTTCCAGCGCCATACGGGGTTGAGCCCCGCATTTTCACGCTCGACTTATTAAGCCGCCTACATGCTCTTTACGCCCAATAATTCCGGACAACGCTCGCCACCTACGTATTACCGCGGCTGCTGGCACGTAGTTAGCCGTGGCTTCCTCGTTTACTACCGTCATTGCAATGCATTGTTCACACACTGCTGCCTCCCGTAGGAGTACCCTCAC","Bacteria",NA,NA,NA,NA,NA,NA
"AACGCCTGGACTACTAGGGTTTCTAATCCTGTTCGCTACCCACGCTCTCGTGCATCAGCGTCAGTTACAGTCTGGTAAGCTGCCTTCGCTATCGGAGTTCTAAGTTATATCTATGCATTTCACCGCTACTTAACTTATTCCGCCTACCTCGTCTGTACTCCAGTTTACCAGTATTAATGGCACAATTGAGTTTAGCTCAAATATTTAACCACTAACTTAATAAACCGCCTACGCACCCTTTAAACCCAATAAATCCGGATAACGCTCGCATCCTCCGTATTACCGCGGCTGCTGGCACGGAGTTAGCCGATGCTTATTCATAAGGTACAGGCATCATTCTACACGTAGAACTTATTCCTCACTGCTGCCTCCCGTAGGAGTTGAATTC","Bacteria",NA,NA,NA,NA,NA,NA
"GAACTTCGGACTACTAGGGTTTCTAATCCTGTTCGCTACCCACGCTCTCGTGCATCAGCGTCAGTTACAGTCTGGTAAGCTGCCTTCGCTATCGGAGTTCTAAGTTATATCTATGCATTTCACCGCTACTTAACTTATTCCGCCTACCTCGTCTGTACTCCAGTTTACCAGTATTAATGGCACAATTGAGTTTAGCTCAAATATTTAACCACTAACTTAATAAACCGCCTACGCACCCTTTAAACCCAATAAATCCGGATAACGCTCGCATCCTCCGTATTACCGCGGCTGCTGGCACGGAGTTAGCCGATGCTTATTCATAAGGTACAGGCATCATTCTACACGTAGAACTTATTCCTCACTGCTGCCTCCCGTAGGAGTTGAATTC","Bacteria",NA,NA,NA,NA,NA,NA
"CCATGGGTGGACTACTAGGGTTTCTAATCCTGTTTGATACCCACACTTTCGAGCATCAGCGTCAGTTACAGTCCAGCAGGCTGCCTTCGCAATCGGAGTTCTTCGTGATATCTAAGCATTTCACCGCTACACCACGAATTCCGCCTGCCTCTACTGTACTCAAGACACCCAGTATCAACTGCAATTTTACGGTTGAGCCGCAAACTTTCACAACTGACTTAAGCGTCCGCCTACGCTCCCTTTAAACCCAATAAATCCGGATAACGCTCGGATCCTCCGTATTACCGCGGCTGCTGGCACGGAGTTAGCCGATCCTTATTCATACGGTACATACAAAAAGGCACACGTGCCTCACTGCTGCCTCCCGTAGGAGTTAAGC","Bacteria",NA,NA,NA,NA,NA,NA
"ACGTGGTAGGACTACTGGGGTTTCTAATCCTGTTTGATACCCACACTTTCGAGCCTCAATGTCAGTTGCAGCTTAGCAGGCTGCCTTCGCAATCGGAGTTCTTCGTGATATCTAAGCATTTCACCGCTACACCACGAATTCCGCCTGCCTCAACTGCACTCAAGACATCCAGTATCAACTGCAATTTTACGGTTGAGCCGCAAACTTTCACAACTGACTTAAACATCCATCTACGCTCCCTTTAAACCCAATAAATCCGGATAACGCTCGGATCCTCCGTATTACCGCGGCTGCTGGCACGGAGTTAGCCGATCCTTATTCATATGGTACATACAAAATTCCACACTGCTGCCTCCCGTAGGAGTGCATGCTA","Bacteria",NA,NA,NA,NA,NA,NA
"ACGTGGTAGGACTACTAGGGTTTCTAATCCTGTTTGATACCCACACTTTCGAGCATCAGTGTCAGTTGCAGTCCAGTGAGCTGCCTTCGCAATCGGAGTTCTTCGTGATATCTAAGCATTTCACCGCTACACCACGAATTCCGCCCACCTCTACTGTACTCAAGACTGACAGTATCAACTGCAATTTTACGGTTGAGCCGCAAACTTTCACAACTGACTTAAACATCCATCTACGCTCCCTTTAAACCCAATAAATCCGGATAACGCTCGGATCCTCCGTATTACCGCGGCTGCTGGCACGGAGTTAGCCGATCCTTATTCATATGGTACATACAAAATTCCACACTGCTGCCTCCCGTAGGAGTGCATGCTA","Bacteria",NA,NA,NA,NA,NA,NA
"CCATGGGTGGACTACTAGGGTTTCTAATCCTGTTTGATACCCACACTTTCGAGCATCAGTGTCAGTGACAGTCTAGTGAGCTGCCTTCGCAATCGGAGTTCTTCGTGATATCTAAGCATTTCACCGCTACACCACGAATTCCGCCCACCTCTACTGTACTCAAGACTGCCAGTTTCAACTGCAATTTTACGGTTGAGCCGCAAACTTTCACAACTGACTTAAACATCCATCTACGCTCCCTTTAAACCCAATAAATCCGGATAACGCTCGGATCCTCCGTATTACCGCGGCTGCTGGCACGGAGTTAGCCGATCCTTATTCATATGGTACATACAAAATTCCACACTGCTGCCTCCCGTAGGAGTGCATGCTA","Bacteria",NA,NA,NA,NA,NA,NA
"ACGTGGTAGGACTACTAGGGTTTCTAATCCTGTTTGATACCCACACTTTCGAGCCTCAATGTCAGTTGCAGCTTAGCAGGCTGCCTTCGCAATCGGAGTTCTTCGTGATATCTAAGCATTTCACCGCTACACCACGAATTCCGCCTGCCTCAACTGCACTCAAGACATCCAGTATCAACTGCAATTTTACGGTTGAGCCGCAAACTTTCACAACTGACTTAAACATCCATCTACGCTCCCTTTAAACCCAATAAATCCGGATAACGCTCGGATCCTCCGTATTACCGCGGCTGCTGGCACGGAGTTAGCCGATCCTTATTCATATGGTACATACAAAATTCCACACTGCTGCCTCCCGTAGGAGTGCATGCTA","Bacteria",NA,NA,NA,NA,NA,NA
"GTCAAGGACTACAAGGGTATCTAATCCTGTTTGATACCCACACTTTCGAGCCTCAATGTCAGTTGCAGCTTAGCAGGCTGCCTTCGCAATCGGAGTTCTTCGTGATATCTAAGCATTTCACCGCTACACCACGAATTCCGCCTGCCTCAACTGCACTCAAGATATCCAGTATCAACTGCAATTTTACGGTTGAGCCGCAAACTTTCACAACTGACTTAAACATCCATCTACGCTCCCTTTAAACCCAATAAATCCGGATAACGCTCGGATCCTCCGTATTACCGCGGCTGCTGGCACGGAGTTAGCCGATCCTTATTCATATGGTACATACAAAATTCCACACTGCTGCCTCCCGTAGGAGTGCATGCTA","Bacteria",NA,NA,NA,NA,NA,NA
"AGGATGCGAGCGTTATCCGGATTTATTGGGTTTAAAGGGAGCGCAGACGGGAGATTAAGTCAGTTGTGAAAGTTTGCGGCTCAACCGTAAAATTGCAGTTGATACTGGTTTCCTTGAGTGCAGTTGAGGCAGGCGGAATTCGTGGTGTAGCGGTGAAATGCTTAGATATCACGAAGAACCCCGATTGCGAAGGCAGCTTGCTAAACTGTAACTGACGTTCATGCTCGAAAGTGTGGGTATCAAACAGGATTAGAAACCCGTGTAGTCCACGTACCA","Bacteria","Bacteroidota","Bacteroidia","Bacteroidales","Bacteroidaceae","Bacteroides","coprocola"
"AGGATGCGAGCGTTATCCGGATTTATTGGGTTTAAAGGGAGCGCAGACGGGAGATTAAGTCAGTTGTGAAAGTTTGCGGCTCAACCGTAAAATTGCAGTTGATACTGGTTTCCTTGAGTGCAGTTGAGGCAGGCGGAATTCGTGGTGTAGCGGTGAAATGCTTAGATATCACGAAGAACCCCGATTGCGAAGGCAGCTTGCTAAACTGTAACTGACGTTCATGCTCGAAAGTGTGGGTATCAAACAGGATTAGAAACCCGGGTAGTCCAAGCG","Bacteria","Bacteroidota","Bacteroidia","Bacteroidales","Bacteroidaceae","Bacteroides","coprocola"
"AGGATGCGAGCGTTATCCGGATTTATTGGGTTTAAAGGGAGCGCAGACGGGAGATTAAGTCAGTTGTGAAAGTTTGCGGCTCAACCGTAAAATTGCAGTTGATACTGGTTTCCTTGAGTGCAGTTGAGGCAGGCGGAATTCGTGGTGTAGCGGTGAAATGCTTAGATATCACGAAGAACCCCGATTGCGAAGGCAGCTTGCTAAACTGTAACTGACGTTCATGCTCGAAAGTGTGGGTATCAAACAGGATTAGAAACCCTAGTAGTCCAAGCG","Bacteria","Bacteroidota","Bacteroidia","Bacteroidales","Bacteroidaceae","Bacteroides","coprocola"
"GCGTATGGACTACTAGGGTTTCTAATCCTGTTTGATACCCACACTTTCGAGCATCAGTGTCAGTTGCAGTCCAGTGAGCTGCCTTCGCAATCGGAGTTCTTCGTGATATCTAAGCATTTCACCGCTACACCACGAATTCCGCCCACCTCTACTGTACTCAAGACAGCCAGTATCAACTGCAATTTTACGGTTGAGCCGCAAACTTTCACAACTGACTTAACTGTCCACCTACGCTCCCTTTAAACCCAATAAATCCGGATAACGCTCGGATCCTCCGTATTACCGCGGCTGCTGGCACGGAGTTAGCCGATCCTTATTCATATGGTACATACAAAATTCCACACTGCTGCCTCCCGTAGGAGTTCCACAGC","Bacteria",NA,NA,NA,NA,NA,NA
"ACGTGGTAGGACTACTGGGGTTTCTAATCCTGTTTGATACCCACACTTTCGAGCATCAGTGTCAGTTGCAGTCCAGTGAGCTGCCTTCGCAATCGGAGTTCTTCGTGATATCTAAGCATTTCACCGCTACACCACGAATTCCGCCCACCTCTACTGTACTCAAGACAGCCAGTATCAACTGCAATTTTACGGTTGAGCCGCAAACTTTCACAACTGACTTAACTGTCCACCTACGCTCCCTTTAAACCCAATAAATCCGGATAACGCTCGGATCCTCCGTATTACCGCGGCTGCTGGCACGGAGTTAGCCGATCCTTATTCATATGGTACATACAAAATTCCACACTGCTGCCTCCCGTAGGAGTTCCACAGC","Bacteria",NA,NA,NA,NA,NA,NA
"CCAGCTGGACTACTCGGGTTTCTAATCCTGTTTGATACCCACACTTTCGAGCATCAGTGTCAGTTGCAGTCCAGTGAGCTGCCTTCGCAATCGGAGTTCTTCGTGATATCTAAGCATTTCACCGCTACACCACGAATTCCGCCCACCTCTACTGTACTCAAGACAGCCAGTATCAACTGCAATTTTACGGTTGAGCCGCAAACTTTCACAACTGACTTAACTGTCCACCTACGCTCCCTTTAAACCCAATAAATCCGGATAACGCTCGGATCCTCCGTATTACCGCGGCTGCTGGCACGGAGTTAGCCGATCCTTATTCATATGGTACATACAAAATTCCACACTGCTGCCTCCCGTAGGAGTTCCACAGC","Bacteria",NA,NA,NA,NA,NA,NA
"CCAGCTGGACTACACGGGTTTCTAATCCTGTTTGATACCCACACTTTCGAGCATCAGTGTCAGTTGCAGTCCAGTGAGCTGCCTTCGCAATCGGAGTTCTTCGTGATATCTAAGCATTTCACCGCTACACCACGAATTCCGCCCACCTCTACTGTACTCAAGACAGCCAGTATCAACTGCAATTTTACGGTTGAGCCGCAAACTTTCACAACTGACTTAACTGTCCACCTACGCTCCCTTTAAACCCAATAAATCCGGATAACGCTCGGATCCTCCGTATTACCGCGGCTGCTGGCACGGAGTTAGCCGATCCTTATTCATATGGTACATACAAAATTCCACACTGCTGCCTCCCGTAGGAGTTCCACAGC","Bacteria",NA,NA,NA,NA,NA,NA
"GCTCTAGGACTACTAGGGTTTCTAATCCTGTTTGATACCCACACTTTCGAGCATCAGTGTCAGTTGCAGTCCAGTGAGCTGCCTTCGCAATCGGAGTTCTTCGTGATATCTAAGCATTTCACCGCTACACCACGAATTCCGCCCACCTCTACTGTACTCAAGACAGCCAGTATCAACTGCAATTTTACGGTTGAGCCGCAAACTTTCACAACTGACTTAACTGTCCACCTACGCTCCCTTTAAACCCAATAAATCCGGATAACGCTCGGATCCTCCGTATTACCGCGGCTGCTGGCACGGAGTTAGCCGATCCTTATTCATATGGTACATACAAAATTCCACACTGCTGCCTCCCGTAGGAGTTCCACAGC","Bacteria",NA,NA,NA,NA,NA,NA
"TCACCGCTACACCACGAATTCCGCCCACTTTGTGCGTACTCAAGGAAACCAGTTCGCGCTGCAGTGCAGACGTTGAGCGTCTACATTTCACAACACGCTTAATCTCCGGCCTACGCTCCCTTTAAACCCAATAAATCCGGATAACGCCCGGACCTTCCGTATTACCGCGGCTGCTGGCACGGAATTAGCCGGTCCTTATTCATAAGGTACATGCAAAAAGTCTCACGAGACTCACTTTATTCCCTTATAAAAGCAGTTTACAACCCATAGGGCCGTCATCCTGCACGCTACTTGGCTGGTTCAGACTCTCGTCCATTGACCAATATTCCTCACTGCTGCCTCCCGTAGGAGTGCTAG","Bacteria",NA,NA,NA,NA,NA,NA
"TCACCGCTACACCACGAATTCCGCCCACTTTGTGCGTACTCAAGGAAACCAGTTCGCGCTGCAGTGCAGACGTTGAGCGTCTACATTTCACAACACGCTTAATCTCCGGCCTACGCTCCCTTTAAACCCAATAAATCCGGATAACGCCCGGACCTTCCGTATTACCGCGGCTGCTGGCACGGAATTAGCCGGTCCTTATTCATAAGGTACATGCAAAAAGTCTCACGAGACTCACTTTATTCCCTTATAAAAGCAGTTTACAACCCATAGGGCCGTCTTCCTGCACGCTACTTGGCTGGTTCAGACTCTCGGCCATTGACCAATATTCCTCACTGCTGCCTCCCGTAGGAGTGCTAG","Bacteria",NA,NA,NA,NA,NA,NA
"TCACCGCTACACCACGAATTCCGCCCACTTTGTGCGTACTCAAGGAAACCAGTTCGCGCTGCAGTGCAGACGTTGAGCGTCTACATTTCACAACACGCTTAATCTCCGGCCTACGCTCCCTTTAAACCCAATAAATCCGGATAACGCCCGGACCTTCCGTATTACCGCGGCTGCTGGCACGGAATTAGCCGGTCCTTATTCATAAGGTACATGCAAAAAGTCTCACGAGACTCACTTTATTCCCTTATAAAAGCAGTTTACAACCCATAGGGCCGTCTTCCTGCACGCTACTTGGCTGGTTCAGACTCTCGTCCATTGACCAATATTCCTCACTGCTGCCTCCCGTAGGAGTGCTAG","Bacteria",NA,NA,NA,NA,NA,NA
"CGATGTGGACTACTCGGGTTTCTAATCCTGTTTGATACCCACACTTTCGAGCATCAGCGTCAGTTACAGTCCAGCAAGCTGCCTTCGCAATCGGAGTTCTTCGTGATATCTAAGCATTTCACCGCTACACCACGAATTCCGCCTGCCTCTACTGTACTCAAGACACCCAGTATCAACTGCAATTTTACGGTTGAGCCGCAAACTTTCACAACTGACTTAAGCGTCCGCCTACGCTCCCTTTAAACCCAATAAATCCGGATAACGCTCGGATCCTCCGTATTACCGCGGCTGCTGGCACGGAGTTAGCCGATCCTTATTCATACGGTACATACAAAAAGGCACGCGTGCCTCACTGCTGCCTCCCGTAGGAGTTACCTGG","Bacteria",NA,NA,NA,NA,NA,NA
"GTCAAGGACTACTAGGGTTTCTAATCCTGTTTGATACCCACACTTTCGAGCATCAGCGTCAGTTACAATCCAGTAAGCTGCCTTCGCAATCGGAGTTCTTCGTGATATCTAAGCATTTCACCGCTACACCACGAATTCCGCCTACCTCTGTTGCACTCAAGGTCGCCAGTATCAACTGCAATTTTACGGTTGAGCCGCAAACTTTCACAACTGACTTAACAACCCGCCTACGCTCCCTTTAAACCCAATAAATCCGGATAACGCTCGAATCCTCCGTATTACCGCGGCTGCTGGCACGGAGTTAGCCGATCCTTATTCATACGGT","Bacteria",NA,NA,NA,NA,NA,NA
"GTCAAGGACTACTGGGGTTTCTAATCCTGTTTGATACCCACACTTTCGAGCATCAGCGTCAGTTACAATCCAGTAAGCTGCCTTCGCAATCGGAGTTCTTCGTGATATCTAAGCATTTCACCGCTACACCACGAATTCCGCCTACCTCTGTTGCACTCAAGGTCGCCAGTATCAACTGCAATTTTACGGTTGAGCCGCAAACTTTCACAACTGACTTAACAACCCGCCTACGCTCCCTTTAAACCCAATAAATCCGGATAACGCTCGAATCCTCCGTATTACCGCGGCTGCTGGCACGGAGTTAGCCGATCCTTATTCATACGGT","Bacteria",NA,NA,NA,NA,NA,NA
"TACGATAGGACTACTCGGGTTTCTAATCCTGTTTGATACCCACACTTTCGAGCATCAGTGTCAGTTGCAGTCTAGTGAGCTGCCTTCGCAATCGGAGTTCTTCGTGATATCTAAGCATTTCACCGCTACACCACGAATTCCGCCCACCTCTACTGTACTCAAGACTGCCAGTTTCAACTGCAATTTTACGGTTGAGCCGCAAACTTTCACAACTGACTTAACAATCCACCTACGCTCCCTTTAAACCCAATAAATCCGGATAACGCTCGGATCCTCCGTATTACCGCGGCTGCTGGCACGGAGTTAGCCGATCCTTATTCATAGGGTACATACAAAATTCCACACTGCTGCCTCCCGTAGGAGTAGGCGT","Bacteria",NA,NA,NA,NA,NA,NA
"ACTCCACGGGACTACTAGGGTTTCTAATCCTGTTTGATACCCACACTTTCGAGCCTCAATGTCAGTTGCAGCTTAGCAGGCTGCCTTCGCAATCGGAGTTCTTCGTGATATCTAAGCATTTCACCGCTACACCACGAATTCCGCCCACCTCTACTGTACTCAAGACTCCCAGTTTCAACTGCAATTTTACGGTTGAGCCGCAAACTTTCACAACTGACTTAACAATCCACCTACGCTCCCTTTAAACCCAATAAATCCGGATAACGCTCGGATCCTCCGTATTACCGCGGCTGCTGGCACGGAGTTAGCCGATCCTTATTCATAGGGTACATACAAAATTCCACACTGCTGCCTCCCGTAGGAGTAGGCGT","Bacteria",NA,NA,NA,NA,NA,NA
"CGACTGGACTACTAGGGTTTCTAATCCTGTTTGATACCCACACTTTCGAGCATCAGTGTCAGTTGCAGTCTAGTGAGCTGCCTTCGCAATCGGAGTTCTTCGTGATATCTAAGCATTTCACCGCTACACCACGAATTCCGCCCACCTCTACTGTACTCAAGACTGCCAGTTTCAACTGCAATTTTACGGTTGAGCCGCAAACTTTCACAACTGACTTAACAATCCACCTACGCTCCCTTTAAACCCAATAAATCCGGATAACGCTCGGATCCTCCGTATTACCGCGGCTGCTGGCACGGAGTTAGCCGATCCTTATTCATAGGGTACATACAAAATTCCACACTGCTGCCTCCCGTAGGAGTAGGCGT","Bacteria",NA,NA,NA,NA,NA,NA
"AGAATGCAGGACTACTAGGGTTTCTAATCCTGTTTGATACCCACACTTTCGAGCATCAGTGTCAGTTGCAGTCTAGTGAGCTGCCTTCGCAATCGGAGTTCTTCGTGATATCTAAGCATTTCACCGCTACACCACGAATTCCGCCCACCTCTACTGTACTCAAGACTGCCAGTTTCAACTGCAATTTTACGGTTGAGCCGCAAACTTTCACAACTGACTTAACAATCCACCTACGCTCCCTTTAAACCCAATAAATCCGGATAACGCTCGGATCCTCCGTATTACCGCGGCTGCTGGCACGGAGTTAGCCGATCCTTATTCATAGGGTACATACAAAATTCCACACTGCTGCCTCCCGTAGGAGTAGGCGT","Bacteria",NA,NA,NA,NA,NA,NA
"CGACTGGACTACTAGGGTTTCTAATCCTGTTTGATACCCACACTTTCGAGCATCAGTGTCAGTAACAGTCTAGTGAGCTGCCTTCGCAATCGGAGTTCTTCGTGATATCTAAGCATTTCACCGCTACACCACGAATTCCGCCCACCTCTACTGTACTCAAGACTGCCAGTTTCAACTGCAATTTTACGGTTGAGCCGCAAACTTTCACAACTGACTTAACAATCCACCTACGCTCCCTTTAAACCCAATAAATCCGGATAACGCTCGGATCCTCCGTATTACCGCGGCTGCTGGCACGGAGTTAGCCGATCCTTATTCATAGGGTACATACAAAATTCCACACTGCTGCCTCCCGTAGGAGTAGGCGT","Bacteria",NA,NA,NA,NA,NA,NA
"GTCGATTGGACTACTAGGGTATCTAATCCCGTTCGCTACCCTGGCTTTCGCATCTCAGCGTCAGACACAGTCCAGAAAGGCGCCTTCGCCACTGGTGTTCCTCCCAATATCTACGCATTTCACCGCTACACTGGGAATTCCCCTTTCCTCTCCTGCACTCAAGCCTAACAGTTTCCAGCGCCATACGGGGTTGAGCCCCGCATTTTCACGCTCGACTTATTAAGCCGCCTACATGCTCTTTACGCCCAATAATTCCGGACAACGCTCGCCACCTACGTATTACCGCGGCTGCTGGCACGTAGTTAGCCGTGGCTTCCTCGTTTACTACCGTCATTGCAATGCATTGTTCACACACTGCTGCCTCCCGTAGGAGTACGGT","Bacteria","Firmicutes",NA,NA,NA,NA,NA
"TAGCATGCACTCCTACGGGAGGCAGCAGTGAGGAATATTGGTCAATGGGCGAGAGCCTGAACCAGCCAAGTAGCGTGAAGGATGACTGCCCTATGGGTTGTAAACTTCTTTTATAAAGGAATAAAGTCGGGTATGGATACCCGTTTGCATGTACTTTATGAATAAGGATCGGCTAACTCCGTGCCAGCAGCCGCGGTAATACGGAGGATCCGAGCGTTATCCGGATTTATTGGGTTTAAAGGGAGCGTAGATG","Bacteria","Bacteroidota","Bacteroidia","Bacteroidales","Bacteroidaceae","Bacteroides","vulgatus"
"TTCAGAGGACTACTCGGGTTTCTAATCCTGTTTGATCCCCACGCTTTCGTGCTTCAGTGTCAGTTATAGTTTAGTAAGCTGCCTTCGCAATCGGAGTTCTGCGTGATATCTATGCATTTCACCGCTACACCACGCATTCCGCCTACCTCAAATATACTCAAGTCAACCAGTTTCAACGGCAATTTTATGGTTGAGCCACAAACTTTCACCGCTGACTTAATTAACCACCTACGCACCCTTTAAACCCAATAAATCCGGATAACGCTCGCATCCTCCGTATTACCGCGGCTGCTGGCACGGAGTTAGCCGATGCTTATTCATAAGGTACAGGCATCATTCTACACGTAGAACTTATTCCTCACTGCTGCCTCCCGTAGGAGTTGAATTC","Bacteria",NA,NA,NA,NA,NA,NA
"GTCAAGGACTACTAGGGTTTCTAATCCTGTTTGATCCCCACGCTTTCGTGCTTCAGTGTCAGTTATGGTTTAGTAAGCTGCCTTCGCAATCGGAGTTCTGCGTGATATCTATGCATTTCACCGCTACACCACGCATTCCGCCTACCTCAAACACACTCAAGTAACCCAGTTTCAACGGCAATTTTATGGTTGAGCCACAAACTTTCACCGCTGACTTAAATCACCACCTACGCACCCTTTAAACCCAATAAATCCGGATAACGCTCGCATCCTCCGTATTACCGCGGCTGCTGGCACGGAGTTAGCCGATGCTTATTCATAAGGTACAGGCATCATTCTACACGTAGAACTTATTCCTCACTGCTGCCTCCCGTAGGAGTTGAATTC","Bacteria",NA,NA,NA,NA,NA,NA
"TGCGAACTCCTACGGGAGGCAGCAGTGAGGAATATTGGTCAATGGGCGAGAGCCTGAACCAGCCAAGTAGCGTGAAGGATGACTGCCTTATGGGTTGTAAACTTCTTTTATAAAGGAATAAAGTCGGGTATGGATACCCGTTTGCATGTACTTTATGAATAAGGATCGGCTAACTCCGTGCCAGCAGCCGCGGTAATACGGAGGATCCGAGCGTTATCCGGATTTATTGGGTTTAAAGGGAGCGTAGATG","Bacteria","Bacteroidota","Bacteroidia","Bacteroidales","Bacteroidaceae","Bacteroides","vulgatus"
"AGGATACTCTTACGGGAGGCAGCAGTGAGGAATATTGGTCAATGGACGAGAGTCTGAACCAGCCAAGTAGCGTGCAGGATGACGGCCCTATGGGTTGTAAACTGCTTTTATAGGGGGATAAAGTGTGCCACGTGTGGCATATTGCAGGTACCCTATGAATAAGGACCGGCTAATTCCGTGCCAGCAGCCGCGGTAATACGGAAGGTCCGGGCGTTATCCGGATTTATTGGGTTTAAAGGGAGCGTAGGCCGTTTGGTAAGCG","Bacteria","Bacteroidota","Bacteroidia","Bacteroidales","Prevotellaceae","Prevotella","stercorea"
"GAACTTCGGACTACTAGGGTATCTAATCCTGTTTGATACCCACACTTTCGAGCATCAGCGTCAGTTACAGTCCAGCAAGCTGCCTTCGCAATCGGAGTTCTTCGTGATATCTAAGCATTTCACCGCTACACCACGAATTCCGCCTGCCTCTACTGTACTCAAGACACCCAGTATCAACTGCAATTTTACGGTTGAGCCGCAAACTTTCACAACTGACTTAAGCGTCCGCCTACGCTCCCTTTAAACCCAATAAATCCGGATAACGCTCGGATCCTCCGTATTACCGCGGCTGCTGGCACGGAGTTAGCCGATCCTTATTCATACGGTACATACAAAAAGGCACACGTGCCTCACTGCTGCCTCCCGTAGGAGTTAAGC","Bacteria",NA,NA,NA,NA,NA,NA
"ATTGAGGACTACTGGGGTTTCTAATCCTGTTTGATACCCACACTTTCGAGCATCAGCGTCAGTTACAGTCCAGCAGGCTGCCTTCGCAATCGGAGTTCTTCGTGATATCTAAGCATTTCACCGCTACACCACGAATTCCGCCTGCCTCTACTGTACTCAAGACACCCAGTATCAACTGCAATTTTACGGTTGAGCCGCAAACTTTCACAACTGACTTAAGCGTCCGCCTACGCTCCCTTTAAACCCAATAAATCCGGATAACGCTCGGATCCTCCGTATTACCGCGGCTGCTGGCACGGAGTTAGCCGATCCTTATTCATACGGTACATACAAAAAGGCACACGTGCCTCACTGCTGCCTCCCGTAGGAGTTAAGC","Bacteria",NA,NA,NA,NA,NA,NA
"CATAAGTGGACTACCAGGGTTTCTAATCCTGTTTGATACCCACACTTTCGAGCATCAGCGTCAGTTACAGTCCAGCAAGCTGCCTTCGCAATCGGAGTTCTTCGTGATATCTAAGCATTTCACCGCTACACCACGAATTCCGCCTGCCTCTACTGTACTCAAGACACCCAGTATCAACTGCAATTTTACGGTTGAGCCGCAAACTTTCACAACTGACTTAAGCGTCCGCCTACGCTCCCTTTAAACCCAATAAATCCGGATAACGCTCGGATCCTCCGTATTACCGCGGCTGCTGGCACGGAGTTAGCCGATCCTTATTCATACGGTACATACAAAAAGGCACACGTGCCTCACTGCTGCCTCCCGTAGGAGTTAAGC","Bacteria",NA,NA,NA,NA,NA,NA
"CCAGCTGGACTACTCGGGTTTCTAATCCTGTTCGATACCCGCACTTTCGAGCTTCAGCGTCAGTTGCGCTCCAGTGAGCTGCCTTCGCAATCGGAGTTCTTCGTGATATCTAAGCATTTCACCGCTACACCACGAATTCCGCCCACTTTGTGCGTACTCAAGGAAACCAGTTCGCGCTGCAGTGCAGACGTTGAGCGTCTACATTTCACAACACGCTTAATCTCCGGCCTACGCTCCCTTTAAACCCAATAAATCCGGATAACGCCCGGACCTTCATCCTTCACGCTACTTGGCTGGTTCAGACTCTCGTCCATTGACCAATATTCCTCACTGCTGCCTCCCGTAGGAGTATCCT","Bacteria",NA,NA,NA,NA,NA,NA
"ATTGAGGACTACTAGGGTTTCTAATCCTGTTTGATACCCACACTTTCGAGCATCAGCGTCAGTTACAGTCCAGCAAGCTGCCTTCGCAATCGGAGTTCTTCGTGATATCTAAGCATTTCACCGCTACACCACGAATTCCGCCTGCCTCTACTGTACTCAAGACACCCAGTATCAACTGCAATTTTACGGTTGAGCCGCAAACTTTCACAACTGACTTAAGCGTCCGCCTACGCTCCCTTTAAACCCAATAAATCCGGATAACGCTCGGATCCTCCGTATTACCGCGGCTGCTGGCACGGAGTTAGCCGATCCTTATTCATACGGTACATACAAAAAGGCACACGTGCCTCACTGCTGCCTCCCGTAGGAGTTAAGC","Bacteria",NA,NA,NA,NA,NA,NA
"CCAGCTGGACTACTCGGGTATCTAATCCTGTTCGATACCCGCACTTTCGAGCTTCAGCGTCAGTTGCGCTCCAGTGAGCTGCCTTCGCAATCGGAGTTCTTCGTGATATCTAAGCATTTCACCGCTACACCACGAATTCCGCCCACTTTGTGCGTACTCAAGGAAACCAGTTCGCGCTGCAGTGCAGACGTTGAGCGTCTACATTTCACAACACGCTTAATCTCCGGCCTACGCTCCCTTTAAACCCAATAAATCCGGATAACGCCCGGACCTTCATCCTTCACGCTACTTGGCTGGTTCAGACTCTCGTCCATTGACCAATATTCCTCACTGCTGCCTCCCGTAGGAGTATCCT","Bacteria",NA,NA,NA,NA,NA,NA
